<?xml version="1.0" encoding="utf-8"?>
<ArrayOfAccount xmlns:xsi="http://www.w3.org/2001/XMLSchema-instance" xmlns:xsd="http://www.w3.org/2001/XMLSchema">
  <Account User="ldyAnton" Password="DZ1SKHW8SOJAiSANPzFXWQ==" />  
  <Account User="prankSTAR" Password="PqKlkwQpvpcS+PdBfAvctA==" />
  <Account User="Gosulove" Password="/Qgi2YmO51ak6tKfQyDymg==" />
  <Account User="BigCityLife" Password="pFRKZWUVSFaTU99MkY1CoA==" />
  <Account User="18626085999" Password="yod2iz4l6utjnpJpu/7t8w==" />
  <Account User="googly" Password="eR20mHNZ88earaQ0OQcA9g==" />
  <Account User="haoyang8089" Password="KqJ5XpICdYhfVZz9iS7I/A==" />
  <Account User="2425113592" Password="+ds0TVFZP65AZ14zHlFMyg==" />
  <Account User="MaxweII" Password="HAVLR8UVVkcGDUmVm6oJJQ==" />
</ArrayOfAccount>