<?xml version="1.0" encoding="utf-8"?>
<ArrayOfScript xmlns:xsi="http://www.w3.org/2001/XMLSchema-instance" xmlns:xsd="http://www.w3.org/2001/XMLSchema">
  <Script Name="Adc(Graves - MissFortune - Varus).lua" Uri="https://raw.githubusercontent.com/kokosik1221/bol/master/AdcMaster.lua" IsLib="false" />
  <Script Name="AhriSexyMistress.lua" Uri="https://raw.githubusercontent.com/Feez/BoL-Paid/master/AhriSexyMistress.lua" IsLib="false" />
  <Script Name="Akali Elo Shower.lua" Uri="https://raw.githubusercontent.com/Kn0wM3/BoLScripts/master/Akali%20Elo%20Shower.lua" IsLib="false" />
  <Script Name="Amumu - Master Of Sadness REWORKED.lua" Uri="https://raw.githubusercontent.com/SebastianBar/MasterOfSadness/master/MasterOfSadness.lua" IsLib="false" />
  <Script Name="Amumu.lua" Uri="https://raw.githubusercontent.com/SebastianBar/MasterOfSadness/master/MasterOfSadness.lua" IsLib="false" />
  <Script Name="Baseult.lua" Uri="https://raw.githubusercontent.com/frneo/BoL/master/Scripts/Baseult.lua" IsLib="false" />
  <Script Name="Big Fat Corki.lua" Uri="https://raw.githubusercontent.com/BigFatNidalee/BoL-Releases/master/Big%20Fat%20Corki.lua" IsLib="false" />
  <Script Name="Big Fat Ezreal.lua" Uri="https://raw.githubusercontent.com/BigFatNidalee/BoL-Releases/master/Big%20Fat%20Ezreal.lua" IsLib="false" />
  <Script Name="Big Fat Jayce.lua" Uri="https://raw.githubusercontent.com/BigFatNidalee/BoL-Releases/master/Big%20Fat%20Jayce.lua" IsLib="false" />
  <Script Name="Big Fat Jinx.lua" Uri="https://raw.githubusercontent.com/BigFatNidalee/BoL-Releases/master/LimitedAccess/Big%20Fat%20Jinx.lua" IsLib="false" />
  <Script Name="Big Fat Syndra.lua" Uri="https://raw.githubusercontent.com/BigFatNidalee/BoL-Releases/master/Big%20Fat%20Syndra.lua" IsLib="false" />
  <Script Name="BigFatGraves.lua" Uri="https://raw.githubusercontent.com/BigFatNidalee/BoL-Releases/master/Big%20Fat%20Graves.lua" IsLib="false" />
  <Script Name="BioZed - Reborn.lua" Uri="https://raw.githubusercontent.com/LucasRPC/BoL-Scripts/master/BioZed%20-%20Reborn.lua" IsLib="false" />
  <Script Name="BioZed.lua" Uri="https://raw.githubusercontent.com/LucasRPC/BoL-Scripts/master/BioZed%20-%20Reborn.lua" IsLib="false" />
  <Script Name="Blitzcrank-Ass-Grabber.lua" Uri="https://raw.githubusercontent.com/AMBER17/BoL/master/Blitzcrank-Ass-Grabber.lua" IsLib="false" />
  <Script Name="Caitlyn - The Impressive Shooter.lua" Uri="https://raw.githubusercontent.com/SilentStar/BoLScripts/master/Caitlyn%20-%20The%20Impressive%20Shooter.lua" IsLib="false" />
  <Script Name="CassiopeiaDuCouteau.lua" Uri="https://raw.githubusercontent.com/gbilbao/Bilbao/master/BoL1/CassiopeiaDuCouteau.lua" IsLib="false" />
  <Script Name="Challenger - Ahri.lua" Uri="https://raw.githubusercontent.com/LucasRPC/BoL-Scripts/master/Challenger%20-%20Ahri.lua" IsLib="false" />
  <Script Name="DancingShoes.lua" Uri="https://raw.githubusercontent.com/PewPewPew2/BoL/Danger-Meter/DancingShoes.lua" IsLib="false" />
  <Script Name="Darius - PentaDunk.lua" Uri="https://raw.githubusercontent.com/AMBER17/BoL/master/Darius-PentaDunk.lua" IsLib="false" />
  <Script Name="EliteEZREAL.lua" Uri="https://raw.githubusercontent.com/LucasRPC/BoL-Scripts/master/EliteEzreal.lua" IsLib="false" />
  <Script Name="Embryo_FreeVator.lua" Uri="https://raw.githubusercontent.com/livewa/Core/master/Embryo_FreeVator.lua" IsLib="false" />
  <Script Name="EvadeRevolution.lua" Uri="https://raw.githubusercontent.com/frneo/BoL/master/Scripts/EvadeRevolution.lua" IsLib="false" />
  <Script Name="ExodusCarriopeia.lua" Uri="https://raw.githubusercontent.com/LucasRPC/BoL-Scripts/master/ExodusCarriopeia.lua" IsLib="false" />
  <Script Name="ExtraAwareness.lua" Uri="http://raw.githubusercontent.com/redprince/BoL/master/ExtraAwareness.lua" IsLib="false" />
  <Script Name="Fantastik Draven.lua" Uri="https://raw.githubusercontent.com/BoLFantastik/BoL/master/Fantastik%20Draven.lua" IsLib="false" />
  <Script Name="Fantastik Syndra.lua" Uri="https://raw.githubusercontent.com/BoLFantastik/BoL/master/Fantastik%20Syndra.lua" IsLib="false" />
  <Script Name="Gnar - Gnarly.lua" Uri="https://raw.githubusercontent.com/RalphLeague/BoL/master/Gnar%20-%20Gnarly.lua" IsLib="false" />
  <Script Name="Godyr.lua" Uri="https://raw.githubusercontent.com/LucasRPC/BoL-Scripts/master/Godyr.lua" IsLib="false" />
  <Script Name="HTTF%20Orianna.lua" Uri="https://raw.githubusercontent.com/BolHTTF/BoL/master/HTTF/HTTF%20Orianna.lua" IsLib="false" />
  <Script Name="iAIO (Riven-Xerath-Orianna-Draven-Lissandra-Irelia-Heimerdinger).lua" Uri="https://raw.githubusercontent.com/jachicao/BoL/master/iAIO.lua" IsLib="false" />
  <Script Name="Irelia - Hiten Style.lua" Uri="https://raw.githubusercontent.com/DraconisBoL/BoL/master/Irelia%20-%20Hiten%20Style.lua" IsLib="false" />
  <Script Name="Jinx - The Craziest.lua" Uri="https://raw.githubusercontent.com/SilentStar/BoLScripts/master/Jinx%20-%20The%20Craziest.lua" IsLib="false" />
  <Script Name="JKUdyr.lua" Uri="https://raw.githubusercontent.com/Jaikor/BoL/master/JKUdyr.lua" IsLib="false" />
  <Script Name="Jungle(Shaco - Vi).lua" Uri="https://raw.githubusercontent.com/kokosik1221/bol/master/JungleMaster.lua" IsLib="false" />
  <Script Name="Kalista.lua" Uri="https://raw.githubusercontent.com/RalphLeague/BoL/master/Kalista.lua" IsLib="false" />
  <Script Name="Katarina Rework.lua" Uri="https://raw.githubusercontent.com/SkeemBoL/BoL/master/Katarina%20Rework.lua" IsLib="false" />
  <Script Name="LeeSin - The Blind Monk.lua" Uri="https://raw.githubusercontent.com/MuMuHay/BoL-Script/master/LeeSin%20-%20The%20Blind%20Monk.lua" IsLib="false" />
  <Script Name="Leona.lua" Uri="https://raw.githubusercontent.com/AMBER17/BoL/master/Leona-Put-Your-Sunglasses.lua" IsLib="false" />
  <Script Name="MasterOfInsec.lua" Uri="https://raw.githubusercontent.com/SilentStar/BoLScripts/master/MasterOfInsec.lua" IsLib="false" />
  <Script Name="MasterYi.lua" Uri="https://raw.githubusercontent.com/Lillgoalie/BoL/master/Master%20Yi%20-%20Stannis%20Baratheon.lua" IsLib="false" />
  <Script Name="Mid(Ahri - Annie - Brand - Diana - Fizz - Galio - Gragas - Lux - Zed).lua" Uri="https://raw.githubusercontent.com/kokosik1221/bol/master/MidMaster.lua" IsLib="false" />
  <Script Name="myVision.lua" Uri="https://raw.githubusercontent.com/Jo7j/BoL/master/myVision.lua" IsLib="false" />
  <Script Name="NAnnie.lua" Uri="https://raw.githubusercontent.com/Nickieboy/BoL/master/NAnnie.lua" IsLib="false" />
  <Script Name="NeosAntiAfk.lua" Uri="https://raw.githubusercontent.com/frneo/BoL/master/Scripts/NeosAntiAfk.lua" IsLib="false" />
  <Script Name="Nidalee - The Bestial God.lua" Uri="https://raw.githubusercontent.com/DevnBoL/Scripts/master/Nidalee/Nidalee%20-%20The%20Bestial%20God.lua" IsLib="false" />
  <Script Name="Nidalee.lua" Uri="https://raw.githubusercontent.com/lovehoppang/DPkarthus/master/nidalee.lua" IsLib="false" />
  <Script Name="NintendoBundle (Shen-Alistar-Morgana-Nami-Soraka-Nidalee).lua" Uri="https://github.com/SkeemBoL/NintendoBoL/raw/master/NintendoBundle/NintendoBundle.lua" IsLib="false" />
  <Script Name="NLHReloaded.lua" Uri="https://raw.githubusercontent.com/frneo/BoL/master/Scripts/NLHReloaded.lua" IsLib="false" />
  <Script Name="princeSmite.lua" Uri="https://raw.githubusercontent.com/redprince/BoL/master/princeSmite.lua" IsLib="false" />
  <Script Name="RengarTheMighty.lua" Uri="https://raw.githubusercontent.com/LucasRPC/BoL-Scripts/master/Rengar%20-%20The%20Mighty.lua" IsLib="false" />
  <Script Name="ShadowVayne.lua" Uri="https://raw.githubusercontent.com/Superx321/BoL/master/ShadowVayne.lua" IsLib="false" />
  <Script Name="Shyvanna.lua" Uri="https://raw.githubusercontent.com/DraconisBoL/BoL/master/Shyvana%20-%20Flame%20Breath.lua" IsLib="false" />
  <Script Name="Sida's Auto Carry - Reborn.lua" Uri="https://bitbucket.org/SidaBoL/reborn/raw/master/Sida's%20Auto%20Carry%20-%20Reborn.lua" IsLib="false" />
  <Script Name="Silent-Thresh.lua" Uri="https://bitbucket.org/BolSilent/scripts/raw/993c4d98f1b55d8e08886cf7c3576498792e9f08/Thresh" IsLib="false" />
  <Script Name="Support(Blitzcrank - Morgana - Lulu - Zilean).lua" Uri="https://raw.githubusercontent.com/kokosik1221/bol/master/SupportMaster.lua" IsLib="false" />
  <Script Name="SxOrbWalk.lua" Uri="https://raw.githubusercontent.com/Superx321/BoL/master/SxOrbWalk.lua" IsLib="false" />
  <Script Name="Top(Gangplank - Olaf - Poppy - Riven - Rumble).lua" Uri="https://raw.githubusercontent.com/kokosik1221/bol/master/TopMaster.lua" IsLib="false" />
  <Script Name="Urgot.lua" Uri="http://pastebin.com/raw.php?i=S6wRyUmK" IsLib="false" />
  <Script Name="Xerath - High Voltage.lua" Uri="https://raw.githubusercontent.com/AMBER17/BoL/master/Xerath.lua" IsLib="false" />
  <Script Name="Yasuo - Breath Taker.lua" Uri="https://raw.githubusercontent.com/LucasRPC/BoL-Scripts/master/Yasuo%20-%20Breath%20Taker.lua" IsLib="false" />
  <Script Name="zAwareness.lua" Uri="http://pastebin.com/raw.php?i=ujqj1cdR" IsLib="false" />
  <Script Name="AoE_SkillShot_Position.lua" Uri="https://raw.githubusercontent.com/Dienofail/BoL/master/common/AoESkillShotPosition.lua" IsLib="true" />
  <Script Name="AQLib.lua" Uri="https://raw.githubusercontent.com/bolqqq/BoLScripts/master/common/AQLib.lua" IsLib="true" />
  <Script Name="ChampionLib.lua" Uri="https://raw.githubusercontent.com/c3iL/BoL-1/master/ChampionLib.lua" IsLib="true" />
  <Script Name="Collision.lua" Uri="https://bitbucket.org/Klokje/public-klokjes-bol-scripts/raw/master/Common/Collision.lua" IsLib="true" />
  <Script Name="ComboClass.lua" Uri="https://raw.githubusercontent.com/SurfaceS/BoL_Studio/master/Scripts/Common/ComboClass.lua" IsLib="true" />
  <Script Name="ComboLib.lua" Uri="https://raw.githubusercontent.com/LlamaBoL/BoL/master/Common/comboLib.lua" IsLib="true" />
  <Script Name="CustomPermaShow.lua" Uri="https://raw.githubusercontent.com/Superx321/BoL/master/common/CustomPermaShow.lua" IsLib="true" />
  <Script Name="DivinePred.lua" Uri="http://divinetek.rocks/divineprediction/Scripts/Common/DivinePred.lua" IsLib="true" />
  <Script Name="DrawDamageLib.lua" Uri="https://raw.githubusercontent.com/lucas224900/BoL/master/DrawDamageLib.lua " IsLib="true" />
  <Script Name="ezCollision.lua" Uri="https://raw.githubusercontent.com/soulcaliber/BoL/master/Common/ezCollision.lua" IsLib="true" />
  <Script Name="ezLibrary.lua" Uri="https://raw.githubusercontent.com/soulcaliber/BoL/master/Common/ezLibrary.lua" IsLib="true" />
  <Script Name="FTER_SOW.lua" Uri="https://raw.githubusercontent.com/fter44/ilikeman/master/common/FTER_SOW.lua" IsLib="true" />
  <Script Name="GodLib.lua" Uri="https://raw.githubusercontent.com/DevnBoL/Scripts/master/GodLib/GodLib.lua" IsLib="true" />
  <Script Name="ItemRecipes.lua" Uri="https://raw.githubusercontent.com/lucas224900/BoL/master/ItemRecipes.lua" IsLib="true" />
  <Script Name="ITEM_MANAGER.lua" Uri="https://raw.githubusercontent.com/fter44/ilikeman/master/common/ITEM_MANAGER.lua" IsLib="true" />
  <Script Name="MapPosition.lua" Uri="https://raw.githubusercontent.com/c3iL/BoL-1/master/MapPosition.lua" IsLib="true" />
  <Script Name="Prodiction.lua" Uri="https://bitbucket.org/Klokje/public-klokjes-bol-scripts/raw/fecd2ede9614873e66a7c85be12ae570e309cefe/Test/Prodiction/Prodiction.lua?at=master" IsLib="true" />
  <Script Name="sacvpred.lua" Uri="https://raw.githubusercontent.com/SidaBoL/Scripts/master/Common/sacvpred.lua" IsLib="true" />
  <Script Name="SALib.lua" Uri="https://raw.githubusercontent.com/SkeemBoL/NintendoBoL/master/BH%20Bundle/Common/SALib.lua" IsLib="true" />
  <Script Name="Selector.lua" Uri="http://iuser99.com/scripts/Selector.lua" IsLib="true" />
  <Script Name="ShadowVayneLib.lua" Uri="https://raw.githubusercontent.com/Superx321/BoL/master/common/ShadowVayneLib.lua" IsLib="true" />
  <Script Name="SourceLib.lua" Uri="https://raw.githubusercontent.com/DevnBoL/Scripts/master/Common/SourceLib.lua" IsLib="true" />
  <Script Name="SxOrbWalk.lua" Uri="https://raw.githubusercontent.com/Superx321/BoL/master/common/SxOrbWalk.lua" IsLib="true" />
  <Script Name="TotallyLib.lua" Uri="https://raw.githubusercontent.com/Nickieboy/BoL/master/lib/TotallyLib.lua" IsLib="true" />
  <Script Name="VPrediction.lua" Uri="https://raw.githubusercontent.com/SidaBoL/Scripts/master/Common/VPrediction.lua" IsLib="true" />
  <Script Name="VPrediction.lua" Uri="https://raw.githubusercontent.com/SidaBoL/Scripts/master/Common/VPrediction.lua" IsLib="false" />
</ArrayOfScript>